Wallet Address,,Token Amount,,Timestamp
3ZCZDvyFQswEezauPTHeR82yq5ghipa65s8rUVTPSM8v,,0,,02-02-2025 02:35
8bkjspFVbxq7MFriBfaaz8ckyp2fGiV7x1nTFdQCmeE5,,0,,26-02-2025 18:23
3ZCZDvyFQswEezauPTHeR82yq5ghipa65s8rUVTPSM8v,,0,,08-07-2025 22:42
8bkjspFVbxq7MFriBfaaz8ckyp2fGiV7x1nTFdQCmeE5,,0,,08-07-2025 22:42
BupWwBhF2wtZJbaZBYVeUjiXmzWEYZRuid6dm7z5btti,,0,,08-07-2025 22:42
7Dhee3wj8UHT9PMJLNyn5GtL6DsjBPA6tkJAPo3wmpu2,,0,,08-07-2025 22:42
GajpC8kVUXgXKgfY6zwurEtSeXWE9soMU4LNvSqL69aT,,0,,08-07-2025 22:42
43KkYueyjDy3r5GJJ7MuqvCUfLxxbzyU4BDHB8vEuczr,,0,,08-07-2025 22:42
H32K2hEERK96yjF7DTu7T5sAVEM5BeW6PqNPJmv4bKG8,,0,,08-07-2025 22:42
7G6rf3jwydTVfYU7SmhjnRMjoUVTGJHfyL5kL1nb2pNh,,0,,08-07-2025 22:42
V3Ahn2aZq2YGr6MFzQNZPX5dMu6JyKUnr6J9zoCxURJ,,2289,,08-07-2025 22:42
6vovCkQ3C78M4MpeUEndbWdZGhnFSkTkXuNXLDczUFEg,,0,,08-07-2025 22:42
H3QawPVTcV7wMY8oWm5h3rcKsXzvQaX5Nhqnf84tAd9t,,0,,08-07-2025 22:42
J4mm7GRW6vsJhMFg1sp7CQDR3AEwd4tk9KzztesNf3B4,,0,,08-07-2025 22:42
6zsqgHY4V2D1nVfC6JnU54fL2qwxD7G9dLpzMWA567PX,,0,,08-07-2025 22:42
CptMpfdQWCPsApQr8MpsGfNrSq1v1VxRTGeMZVKt1JpF,,0,,08-07-2025 22:42
ugUJuB6LHLwCShhjXtDEUGytmMXqdLiNJh21y7DX1DY,,178,,08-07-2025 22:42
FNVWqrB3trwvtRYMCKwVP7Tpc1FTBj9zBAQsitDDmdz9,,0,,08-07-2025 22:42
DcX7Hdvo9G4gtoVqbQNqmAn7MPNrqzFYC2CYgucbSMHs,,1,,08-07-2025 22:42
9YvXxoBnwGavZnkmDVLusRFW55eVHSh4xUNb6WirkrHR,,41,,08-07-2025 22:42
BgThaGoGR96FAmQWpSUF7QNwA3rqToV3LtVaRzkP8avn,,132,,08-07-2025 22:42
5hwZxZ3oJrigkjGGK23CKNBmw49aRdWBEZPRdYTqf6rp,,0,,08-07-2025 22:42
HSK7pGDM3sZbMYqhdQ9cB9yZFXdAb8Z2Em3EX25Bub43,,0,,08-07-2025 22:42
Bk31rUsQdtGnby9U46SCWjzFtidMXhHu6MFaSTz47ycr,,0,,08-07-2025 22:42
6TrRJbsJv9N5CCieKKrdURaoRQMjTRJr94NeszauJhET,,3664,,08-07-2025 22:42
ECu8aZ37rN6kFwUBfEbBLTSsFPAbUggetV8y8nSd7tmA,,0,,08-07-2025 22:42
Ga585fcq8HT46jJJJUVePQw8yotUBPXcCWCcfVBwj13g,,0,,08-07-2025 22:42
8M25adrPZEWgWWPinbDcrEYujdU9tuELVWK5tri2UkSv,,0,,08-07-2025 22:42
E7Ecg1QS5ukmjy1psUdhQ37wEJFuktvyJqdqma2PjRHs,,0,,08-07-2025 22:42
FGRrouuPuRzf3JnS4BXQa8C4hasc2NKAizbxZbohg8s9,,0,,08-07-2025 22:42
34mMxk5AktcHGLgZtbTFDgET9UUAbugTUD7MKtTCiWvu,,0,,08-07-2025 22:42
9w9uBZsWXhKgZgqQMqKSNWCD9RFvZ8f63qF51r9Pf2tW,,0,,08-07-2025 22:42
A2hfvLtYf7v9PGfW7VX48k7m7pyd8xvZN6iVWkyK4N3D,,3,,08-07-2025 22:42
AvT8YyQJJ8ykNtQbHYS2DjFzRh6VijkkfpGMjuAUjh3h,,0,,08-07-2025 22:42
GDBPs1h2WGYxE6DYouxCvmJAZLf1KcLcEoTJBAi6i77W,,0,,08-07-2025 22:42
3UgEehKsjesNpEJy2wxzVDczVqrc3RTGwPB7AaN3vdgs,,0,,08-07-2025 22:42
2iHQLhzrucMnXkzFMocJ3skXTHervJCNByotj5QaKNL2,,0,,08-07-2025 22:42
7GDeuUgm23KX2KKp74JsEqUCKRFVnqG8WBAALn8esuZc,,0,,08-07-2025 22:42
Feh6eCb5z5XKxxZ5BA3eyMSjt6d4cQqRkG6j1qwC2Kji,,0,,08-07-2025 22:42
A5goVyRRBhiGD9XmNjBpQvnmawf8Mmmu44b6p9vDWLAr,,0,,08-07-2025 22:42
QokVQVkiuFax3qzoBS7Qu2hQ7px5ANqbTcXCLjcgYCQ,,0,,08-07-2025 22:42
2dQ4Fat8Ygw511KwQbgSYH6o3UF2Y7e8hzbBAQzScdPQ,,116,,08-07-2025 22:42
5d38UnQGqbAHaxprFPBhMH5G5zrhGm25GgWPuRmpi4aP,,0,,08-07-2025 22:42
8je3L1ihGi3XncmticpURbakd2epmGocfcRNfxbhxpYw,,0,,08-07-2025 22:42
6pW6d4gumyMFQeKjfaJ7npKMPoUa2CoxMtCg6W9Fub9V,,0,,08-07-2025 22:42
4hcgEeWVKTChe34kppnjQzW5E7XC2jYYWJGrWe361ZRG,,0,,08-07-2025 22:42
2X3VQRQCcxeNiLfZ8oM66LKg9U1oPH7zvMERg3Z4USWv,,60,,08-07-2025 22:42
26pt9UY6NyMcz67HQNPBU2KDgfgJXAQsaPSAJdtZnVrx,,0,,08-07-2025 22:42
pohpgTf8VwvZrRu82EHfcoq13PrEHef7ZRB5oii6M6Y,,0,,08-07-2025 22:42
4UjbZPGhc5kUnnMHdJRTXVaYEvinJPSEh71igXqBE24M,,0,,08-07-2025 22:42
J9jYK49M5MDTkoU3jS6twpLDxEpXNpH1paA4pw25fxem,,0,,08-07-2025 22:42
FeL3cjo2NcowRaxG8tWQaCQbxFKp5etneAXULhVPLc2H,,0,,08-07-2025 22:42
2wYyKivPBdappRh45nztTLW4ejq9fpVGg2HpmPep3w6r,,0,,08-07-2025 22:42
86jr8BRTfn8jdoRWuU4FXC4hE8Kq1DFG71hTM94TGCX8,,0,,08-07-2025 22:42
5yynoTBothkkL8DqC7pDQnYZX6dX5fXbVmJ2QL9o8Gvp,,0,,08-07-2025 22:42
GkaBZA6L2yJZy8yS4dBox68Y6BEUJnnje8qLgPgMS7eJ,,0,,08-07-2025 22:42
Gf9U1r1pQfDxKuJiToFbCpswnRUcdmcACsyWGcaVVntS,,1,,08-07-2025 22:42
Rf86UZWsUbR4LyEw1viZQGiRpSWFRqwUa9qyTtxF7Ri,,0,,08-07-2025 22:42
JDG4P6H2AQoccocgPDsjmmWYqH2uK6C9dQ5ubRirsGUw,,0,,08-07-2025 22:42
AsLRRyV3uj9tePTjpNU1THsvX2jJQL254pLz9ebH1w8u,,0,,08-07-2025 22:42
D9gqFriCrnF4DoCQMiXDMVAdNsifA8zaoVZ3uyMox3ZQ,,0,,08-07-2025 22:42
7zfxQX6n6jRcksLf4nMHVkmNsU8UscbQgweE5EZh9B5s,,0,,08-07-2025 22:42
3ZCZDvyFQswEezauPTHeR82yq5ghipa65s8rUVTPSM8v,,0,,08-07-2025 22:42
8bkjspFVbxq7MFriBfaaz8ckyp2fGiV7x1nTFdQCmeE5,,0,,08-07-2025 22:42
BupWwBhF2wtZJbaZBYVeUjiXmzWEYZRuid6dm7z5btti,,0,,08-07-2025 22:42
7Dhee3wj8UHT9PMJLNyn5GtL6DsjBPA6tkJAPo3wmpu2,,0,,08-07-2025 22:42
GajpC8kVUXgXKgfY6zwurEtSeXWE9soMU4LNvSqL69aT,,0,,08-07-2025 22:42
43KkYueyjDy3r5GJJ7MuqvCUfLxxbzyU4BDHB8vEuczr,,0,,08-07-2025 22:42
H32K2hEERK96yjF7DTu7T5sAVEM5BeW6PqNPJmv4bKG8,,0,,08-07-2025 22:42
7G6rf3jwydTVfYU7SmhjnRMjoUVTGJHfyL5kL1nb2pNh,,0,,08-07-2025 22:42
V3Ahn2aZq2YGr6MFzQNZPX5dMu6JyKUnr6J9zoCxURJ,,2289,,08-07-2025 22:42
6vovCkQ3C78M4MpeUEndbWdZGhnFSkTkXuNXLDczUFEg,,0,,08-07-2025 22:42
H3QawPVTcV7wMY8oWm5h3rcKsXzvQaX5Nhqnf84tAd9t,,0,,08-07-2025 22:42
J4mm7GRW6vsJhMFg1sp7CQDR3AEwd4tk9KzztesNf3B4,,0,,08-07-2025 22:42
6zsqgHY4V2D1nVfC6JnU54fL2qwxD7G9dLpzMWA567PX,,0,,08-07-2025 22:42
CptMpfdQWCPsApQr8MpsGfNrSq1v1VxRTGeMZVKt1JpF,,0,,08-07-2025 22:42
ugUJuB6LHLwCShhjXtDEUGytmMXqdLiNJh21y7DX1DY,,178,,08-07-2025 22:42
FNVWqrB3trwvtRYMCKwVP7Tpc1FTBj9zBAQsitDDmdz9,,0,,08-07-2025 22:42
DcX7Hdvo9G4gtoVqbQNqmAn7MPNrqzFYC2CYgucbSMHs,,1,,08-07-2025 22:42
9YvXxoBnwGavZnkmDVLusRFW55eVHSh4xUNb6WirkrHR,,41,,08-07-2025 22:42
BgThaGoGR96FAmQWpSUF7QNwA3rqToV3LtVaRzkP8avn,,132,,08-07-2025 22:42
5hwZxZ3oJrigkjGGK23CKNBmw49aRdWBEZPRdYTqf6rp,,0,,08-07-2025 22:42
HSK7pGDM3sZbMYqhdQ9cB9yZFXdAb8Z2Em3EX25Bub43,,0,,08-07-2025 22:42
Bk31rUsQdtGnby9U46SCWjzFtidMXhHu6MFaSTz47ycr,,0,,08-07-2025 22:42
6TrRJbsJv9N5CCieKKrdURaoRQMjTRJr94NeszauJhET,,3664,,08-07-2025 22:42
ECu8aZ37rN6kFwUBfEbBLTSsFPAbUggetV8y8nSd7tmA,,0,,08-07-2025 22:42
Ga585fcq8HT46jJJJUVePQw8yotUBPXcCWCcfVBwj13g,,0,,08-07-2025 22:42
8M25adrPZEWgWWPinbDcrEYujdU9tuELVWK5tri2UkSv,,0,,08-07-2025 22:42
E7Ecg1QS5ukmjy1psUdhQ37wEJFuktvyJqdqma2PjRHs,,0,,08-07-2025 22:42
FGRrouuPuRzf3JnS4BXQa8C4hasc2NKAizbxZbohg8s9,,0,,08-07-2025 22:42
34mMxk5AktcHGLgZtbTFDgET9UUAbugTUD7MKtTCiWvu,,0,,08-07-2025 22:42
9w9uBZsWXhKgZgqQMqKSNWCD9RFvZ8f63qF51r9Pf2tW,,0,,08-07-2025 22:42
A2hfvLtYf7v9PGfW7VX48k7m7pyd8xvZN6iVWkyK4N3D,,3,,08-07-2025 22:42
AvT8YyQJJ8ykNtQbHYS2DjFzRh6VijkkfpGMjuAUjh3h,,0,,08-07-2025 22:42
GDBPs1h2WGYxE6DYouxCvmJAZLf1KcLcEoTJBAi6i77W,,0,,08-07-2025 22:42
3UgEehKsjesNpEJy2wxzVDczVqrc3RTGwPB7AaN3vdgs,,0,,08-07-2025 22:42
2iHQLhzrucMnXkzFMocJ3skXTHervJCNByotj5QaKNL2,,0,,08-07-2025 22:42
7GDeuUgm23KX2KKp74JsEqUCKRFVnqG8WBAALn8esuZc,,0,,08-07-2025 22:42
Feh6eCb5z5XKxxZ5BA3eyMSjt6d4cQqRkG6j1qwC2Kji,,0,,08-07-2025 22:42
A5goVyRRBhiGD9XmNjBpQvnmawf8Mmmu44b6p9vDWLAr,,0,,08-07-2025 22:42
QokVQVkiuFax3qzoBS7Qu2hQ7px5ANqbTcXCLjcgYCQ,,0,,08-07-2025 22:42
2dQ4Fat8Ygw511KwQbgSYH6o3UF2Y7e8hzbBAQzScdPQ,,116,,08-07-2025 22:42
5d38UnQGqbAHaxprFPBhMH5G5zrhGm25GgWPuRmpi4aP,,0,,08-07-2025 22:42
8je3L1ihGi3XncmticpURbakd2epmGocfcRNfxbhxpYw,,0,,08-07-2025 22:42
6pW6d4gumyMFQeKjfaJ7npKMPoUa2CoxMtCg6W9Fub9V,,0,,08-07-2025 22:42
4hcgEeWVKTChe34kppnjQzW5E7XC2jYYWJGrWe361ZRG,,0,,08-07-2025 22:42
2X3VQRQCcxeNiLfZ8oM66LKg9U1oPH7zvMERg3Z4USWv,,60,,08-07-2025 22:42
26pt9UY6NyMcz67HQNPBU2KDgfgJXAQsaPSAJdtZnVrx,,0,,08-07-2025 22:42
pohpgTf8VwvZrRu82EHfcoq13PrEHef7ZRB5oii6M6Y,,0,,08-07-2025 22:42
4UjbZPGhc5kUnnMHdJRTXVaYEvinJPSEh71igXqBE24M,,0,,08-07-2025 22:42
J9jYK49M5MDTkoU3jS6twpLDxEpXNpH1paA4pw25fxem,,0,,08-07-2025 22:42
FeL3cjo2NcowRaxG8tWQaCQbxFKp5etneAXULhVPLc2H,,0,,08-07-2025 22:42
2wYyKivPBdappRh45nztTLW4ejq9fpVGg2HpmPep3w6r,,0,,08-07-2025 22:42
86jr8BRTfn8jdoRWuU4FXC4hE8Kq1DFG71hTM94TGCX8,,0,,08-07-2025 22:42
5yynoTBothkkL8DqC7pDQnYZX6dX5fXbVmJ2QL9o8Gvp,,0,,08-07-2025 22:42
GkaBZA6L2yJZy8yS4dBox68Y6BEUJnnje8qLgPgMS7eJ,,0,,08-07-2025 22:42
Gf9U1r1pQfDxKuJiToFbCpswnRUcdmcACsyWGcaVVntS,,1,,08-07-2025 22:42
Rf86UZWsUbR4LyEw1viZQGiRpSWFRqwUa9qyTtxF7Ri,,0,,08-07-2025 22:42
JDG4P6H2AQoccocgPDsjmmWYqH2uK6C9dQ5ubRirsGUw,,0,,08-07-2025 22:42
AsLRRyV3uj9tePTjpNU1THsvX2jJQL254pLz9ebH1w8u,,0,,08-07-2025 22:42
D9gqFriCrnF4DoCQMiXDMVAdNsifA8zaoVZ3uyMox3ZQ,,0,,08-07-2025 22:42
7zfxQX6n6jRcksLf4nMHVkmNsU8UscbQgweE5EZh9B5s,,0,,08-07-2025 22:42
3ZCZDvyFQswEezauPTHeR82yq5ghipa65s8rUVTPSM8v,,1200,,05-07-2025 13:30
8bkjspFVbxq7MFriBfaaz8ckyp2fGiV7x1nTFdQCmeE5,,500,,05-07-2025 13:31
3ZCZDvyFQswEezauPTHeR82yq5ghipa65s8rUVTPSM8v,,800,,06-07-2025 10:45
8bkjspFVbxq7MFriBfaaz8ckyp2fGiV7x1nTFdQCmeE5,,600,,06-07-2025 11:00
3ZCZDvyFQswEezauPTHeR82yq5ghipa65s8rUVTPSM8w,,200,,05-07-2025 13:30
8bkjspFVbxq7MFriBfaaz8ckyp2fGiV7x1nTFdQCmef5,,400,,05-07-2025 13:31
3ZCZDvyFQswEezauPTHeR82yq5ghipa65s8rUVTPeM8v,,900,,06-07-2025 10:45
8bkjspFVbxq7MFriBfaaz8ckyp2fGiV7x1nTFdwCmeE5,,700,,06-07-2025 11:00
3ZCZDvyFQswEezauPTHeR82yq5ghipa65s8rUVTPSM8w,,200,,05-07-2025 13:30
8bkjspFVbxq7MFriBfaaz8ckyp2fGiV7x1nTFdQCmef5,,400,,05-07-2025 13:31
3ZCZDvyFQswEezauPTHeR82yq5ghipa65s8rUVTPeM8v,,100,,06-07-2025 10:45
8bkjspFVbxq7MFriBfaaz8ckyp2fGiV7x1nTFdwCmeE5,,700,,08-07-2025 12:00
8bkjspFVbxq7MFriBfaaz8ckyp2fGiV7x1nTFdwCmeEf,,720,,06-07-2025 11:00
8bkjspFVbxq7MFriBfaaz8ckyp2fGiV7x1nTFdwCmeE5,,890,,07-07-2025 11:00
8bkjspFVbxq7MFriBfaaz8ckyp2fGiV7x1nTFdwCmeE5,,0,,06-07-2025 11:00
3ZCZDvyFQswEezauPTHeR82yq5ghipa65s8rUVTPSM8v,,0,,08-07-2025 23:45
8bkjspFVbxq7MFriBfaaz8ckyp2fGiV7x1nTFdQCmeE5,,0,,08-07-2025 23:45
BupWwBhF2wtZJbaZBYVeUjiXmzWEYZRuid6dm7z5btti,,0,,08-07-2025 23:45
7Dhee3wj8UHT9PMJLNyn5GtL6DsjBPA6tkJAPo3wmpu2,,0,,08-07-2025 23:45
GajpC8kVUXgXKgfY6zwurEtSeXWE9soMU4LNvSqL69aT,,0,,08-07-2025 23:45
43KkYueyjDy3r5GJJ7MuqvCUfLxxbzyU4BDHB8vEuczr,,0,,08-07-2025 23:45
H32K2hEERK96yjF7DTu7T5sAVEM5BeW6PqNPJmv4bKG8,,0,,08-07-2025 23:45
7G6rf3jwydTVfYU7SmhjnRMjoUVTGJHfyL5kL1nb2pNh,,0,,08-07-2025 23:45
V3Ahn2aZq2YGr6MFzQNZPX5dMu6JyKUnr6J9zoCxURJ,,2289,,08-07-2025 23:45
6vovCkQ3C78M4MpeUEndbWdZGhnFSkTkXuNXLDczUFEg,,0,,08-07-2025 23:45
H3QawPVTcV7wMY8oWm5h3rcKsXzvQaX5Nhqnf84tAd9t,,0,,08-07-2025 23:45
J4mm7GRW6vsJhMFg1sp7CQDR3AEwd4tk9KzztesNf3B4,,0,,08-07-2025 23:45
6zsqgHY4V2D1nVfC6JnU54fL2qwxD7G9dLpzMWA567PX,,0,,08-07-2025 23:45
CptMpfdQWCPsApQr8MpsGfNrSq1v1VxRTGeMZVKt1JpF,,0,,08-07-2025 23:45
ugUJuB6LHLwCShhjXtDEUGytmMXqdLiNJh21y7DX1DY,,178,,08-07-2025 23:45
FNVWqrB3trwvtRYMCKwVP7Tpc1FTBj9zBAQsitDDmdz9,,0,,08-07-2025 23:45
DcX7Hdvo9G4gtoVqbQNqmAn7MPNrqzFYC2CYgucbSMHs,,1,,08-07-2025 23:45
9YvXxoBnwGavZnkmDVLusRFW55eVHSh4xUNb6WirkrHR,,41,,08-07-2025 23:45
BgThaGoGR96FAmQWpSUF7QNwA3rqToV3LtVaRzkP8avn,,132,,08-07-2025 23:45
5hwZxZ3oJrigkjGGK23CKNBmw49aRdWBEZPRdYTqf6rp,,0,,08-07-2025 23:45
HSK7pGDM3sZbMYqhdQ9cB9yZFXdAb8Z2Em3EX25Bub43,,0,,08-07-2025 23:45
Bk31rUsQdtGnby9U46SCWjzFtidMXhHu6MFaSTz47ycr,,0,,08-07-2025 23:45
6TrRJbsJv9N5CCieKKrdURaoRQMjTRJr94NeszauJhET,,3664,,08-07-2025 23:45
ECu8aZ37rN6kFwUBfEbBLTSsFPAbUggetV8y8nSd7tmA,,0,,08-07-2025 23:45
Ga585fcq8HT46jJJJUVePQw8yotUBPXcCWCcfVBwj13g,,0,,08-07-2025 23:45
8M25adrPZEWgWWPinbDcrEYujdU9tuELVWK5tri2UkSv,,0,,08-07-2025 23:45
E7Ecg1QS5ukmjy1psUdhQ37wEJFuktvyJqdqma2PjRHs,,0,,08-07-2025 23:45
FGRrouuPuRzf3JnS4BXQa8C4hasc2NKAizbxZbohg8s9,,0,,08-07-2025 23:45
34mMxk5AktcHGLgZtbTFDgET9UUAbugTUD7MKtTCiWvu,,0,,08-07-2025 23:45
9w9uBZsWXhKgZgqQMqKSNWCD9RFvZ8f63qF51r9Pf2tW,,0,,08-07-2025 23:45
A2hfvLtYf7v9PGfW7VX48k7m7pyd8xvZN6iVWkyK4N3D,,3,,08-07-2025 23:45
AvT8YyQJJ8ykNtQbHYS2DjFzRh6VijkkfpGMjuAUjh3h,,0,,08-07-2025 23:45
GDBPs1h2WGYxE6DYouxCvmJAZLf1KcLcEoTJBAi6i77W,,0,,08-07-2025 23:45
3UgEehKsjesNpEJy2wxzVDczVqrc3RTGwPB7AaN3vdgs,,0,,08-07-2025 23:45
2iHQLhzrucMnXkzFMocJ3skXTHervJCNByotj5QaKNL2,,0,,08-07-2025 23:45
7GDeuUgm23KX2KKp74JsEqUCKRFVnqG8WBAALn8esuZc,,0,,08-07-2025 23:45
Feh6eCb5z5XKxxZ5BA3eyMSjt6d4cQqRkG6j1qwC2Kji,,0,,08-07-2025 23:45
A5goVyRRBhiGD9XmNjBpQvnmawf8Mmmu44b6p9vDWLAr,,0,,08-07-2025 23:45
QokVQVkiuFax3qzoBS7Qu2hQ7px5ANqbTcXCLjcgYCQ,,0,,08-07-2025 23:45
2dQ4Fat8Ygw511KwQbgSYH6o3UF2Y7e8hzbBAQzScdPQ,,116,,08-07-2025 23:45
5d38UnQGqbAHaxprFPBhMH5G5zrhGm25GgWPuRmpi4aP,,0,,08-07-2025 23:45
8je3L1ihGi3XncmticpURbakd2epmGocfcRNfxbhxpYw,,0,,08-07-2025 23:45
6pW6d4gumyMFQeKjfaJ7npKMPoUa2CoxMtCg6W9Fub9V,,0,,08-07-2025 23:45
4hcgEeWVKTChe34kppnjQzW5E7XC2jYYWJGrWe361ZRG,,0,,08-07-2025 23:45
2X3VQRQCcxeNiLfZ8oM66LKg9U1oPH7zvMERg3Z4USWv,,60,,08-07-2025 23:45
26pt9UY6NyMcz67HQNPBU2KDgfgJXAQsaPSAJdtZnVrx,,0,,08-07-2025 23:45
pohpgTf8VwvZrRu82EHfcoq13PrEHef7ZRB5oii6M6Y,,0,,08-07-2025 23:45
4UjbZPGhc5kUnnMHdJRTXVaYEvinJPSEh71igXqBE24M,,0,,08-07-2025 23:45
J9jYK49M5MDTkoU3jS6twpLDxEpXNpH1paA4pw25fxem,,0,,08-07-2025 23:45
FeL3cjo2NcowRaxG8tWQaCQbxFKp5etneAXULhVPLc2H,,0,,08-07-2025 23:45
2wYyKivPBdappRh45nztTLW4ejq9fpVGg2HpmPep3w6r,,0,,08-07-2025 23:45
86jr8BRTfn8jdoRWuU4FXC4hE8Kq1DFG71hTM94TGCX8,,0,,08-07-2025 23:45
5yynoTBothkkL8DqC7pDQnYZX6dX5fXbVmJ2QL9o8Gvp,,0,,08-07-2025 23:45
GkaBZA6L2yJZy8yS4dBox68Y6BEUJnnje8qLgPgMS7eJ,,0,,08-07-2025 23:45
Gf9U1r1pQfDxKuJiToFbCpswnRUcdmcACsyWGcaVVntS,,1,,08-07-2025 23:45
Rf86UZWsUbR4LyEw1viZQGiRpSWFRqwUa9qyTtxF7Ri,,0,,08-07-2025 23:45
JDG4P6H2AQoccocgPDsjmmWYqH2uK6C9dQ5ubRirsGUw,,0,,08-07-2025 23:45
AsLRRyV3uj9tePTjpNU1THsvX2jJQL254pLz9ebH1w8u,,0,,08-07-2025 23:45
D9gqFriCrnF4DoCQMiXDMVAdNsifA8zaoVZ3uyMox3ZQ,,0,,08-07-2025 23:45
7zfxQX6n6jRcksLf4nMHVkmNsU8UscbQgweE5EZh9B5s,,0,,08-07-2025 23:45
3ZCZDvyFQswEezauPTHeR82yq5ghipa65s8rUVTPSM8v,,0,,08-07-2025 23:45
8bkjspFVbxq7MFriBfaaz8ckyp2fGiV7x1nTFdQCmeE5,,0,,08-07-2025 23:45
BupWwBhF2wtZJbaZBYVeUjiXmzWEYZRuid6dm7z5btti,,0,,08-07-2025 23:45
7Dhee3wj8UHT9PMJLNyn5GtL6DsjBPA6tkJAPo3wmpu2,,0,,08-07-2025 23:45
GajpC8kVUXgXKgfY6zwurEtSeXWE9soMU4LNvSqL69aT,,0,,08-07-2025 23:45
43KkYueyjDy3r5GJJ7MuqvCUfLxxbzyU4BDHB8vEuczr,,0,,08-07-2025 23:45
H32K2hEERK96yjF7DTu7T5sAVEM5BeW6PqNPJmv4bKG8,,0,,08-07-2025 23:45
7G6rf3jwydTVfYU7SmhjnRMjoUVTGJHfyL5kL1nb2pNh,,0,,08-07-2025 23:45
V3Ahn2aZq2YGr6MFzQNZPX5dMu6JyKUnr6J9zoCxURJ,,2289,,08-07-2025 23:45
6vovCkQ3C78M4MpeUEndbWdZGhnFSkTkXuNXLDczUFEg,,0,,08-07-2025 23:45
H3QawPVTcV7wMY8oWm5h3rcKsXzvQaX5Nhqnf84tAd9t,,0,,08-07-2025 23:45
J4mm7GRW6vsJhMFg1sp7CQDR3AEwd4tk9KzztesNf3B4,,0,,08-07-2025 23:45
6zsqgHY4V2D1nVfC6JnU54fL2qwxD7G9dLpzMWA567PX,,0,,08-07-2025 23:45
CptMpfdQWCPsApQr8MpsGfNrSq1v1VxRTGeMZVKt1JpF,,0,,08-07-2025 23:45
ugUJuB6LHLwCShhjXtDEUGytmMXqdLiNJh21y7DX1DY,,178,,08-07-2025 23:45
FNVWqrB3trwvtRYMCKwVP7Tpc1FTBj9zBAQsitDDmdz9,,0,,08-07-2025 23:45
DcX7Hdvo9G4gtoVqbQNqmAn7MPNrqzFYC2CYgucbSMHs,,1,,08-07-2025 23:45
9YvXxoBnwGavZnkmDVLusRFW55eVHSh4xUNb6WirkrHR,,41,,08-07-2025 23:45
BgThaGoGR96FAmQWpSUF7QNwA3rqToV3LtVaRzkP8avn,,132,,08-07-2025 23:45
5hwZxZ3oJrigkjGGK23CKNBmw49aRdWBEZPRdYTqf6rp,,0,,08-07-2025 23:45
HSK7pGDM3sZbMYqhdQ9cB9yZFXdAb8Z2Em3EX25Bub43,,0,,08-07-2025 23:45
Bk31rUsQdtGnby9U46SCWjzFtidMXhHu6MFaSTz47ycr,,0,,08-07-2025 23:45
6TrRJbsJv9N5CCieKKrdURaoRQMjTRJr94NeszauJhET,,3664,,08-07-2025 23:45
ECu8aZ37rN6kFwUBfEbBLTSsFPAbUggetV8y8nSd7tmA,,0,,08-07-2025 23:45
Ga585fcq8HT46jJJJUVePQw8yotUBPXcCWCcfVBwj13g,,0,,08-07-2025 23:45
8M25adrPZEWgWWPinbDcrEYujdU9tuELVWK5tri2UkSv,,0,,08-07-2025 23:45
E7Ecg1QS5ukmjy1psUdhQ37wEJFuktvyJqdqma2PjRHs,,0,,08-07-2025 23:45
FGRrouuPuRzf3JnS4BXQa8C4hasc2NKAizbxZbohg8s9,,0,,08-07-2025 23:45
34mMxk5AktcHGLgZtbTFDgET9UUAbugTUD7MKtTCiWvu,,0,,08-07-2025 23:45
9w9uBZsWXhKgZgqQMqKSNWCD9RFvZ8f63qF51r9Pf2tW,,0,,08-07-2025 23:45
A2hfvLtYf7v9PGfW7VX48k7m7pyd8xvZN6iVWkyK4N3D,,3,,08-07-2025 23:45
AvT8YyQJJ8ykNtQbHYS2DjFzRh6VijkkfpGMjuAUjh3h,,0,,08-07-2025 23:45
GDBPs1h2WGYxE6DYouxCvmJAZLf1KcLcEoTJBAi6i77W,,0,,08-07-2025 23:45
3UgEehKsjesNpEJy2wxzVDczVqrc3RTGwPB7AaN3vdgs,,0,,08-07-2025 23:45
2iHQLhzrucMnXkzFMocJ3skXTHervJCNByotj5QaKNL2,,0,,08-07-2025 23:45
7GDeuUgm23KX2KKp74JsEqUCKRFVnqG8WBAALn8esuZc,,0,,08-07-2025 23:45
Feh6eCb5z5XKxxZ5BA3eyMSjt6d4cQqRkG6j1qwC2Kji,,0,,08-07-2025 23:45
A5goVyRRBhiGD9XmNjBpQvnmawf8Mmmu44b6p9vDWLAr,,0,,08-07-2025 23:45
QokVQVkiuFax3qzoBS7Qu2hQ7px5ANqbTcXCLjcgYCQ,,0,,08-07-2025 23:45
2dQ4Fat8Ygw511KwQbgSYH6o3UF2Y7e8hzbBAQzScdPQ,,116,,08-07-2025 23:45
5d38UnQGqbAHaxprFPBhMH5G5zrhGm25GgWPuRmpi4aP,,0,,08-07-2025 23:45
8je3L1ihGi3XncmticpURbakd2epmGocfcRNfxbhxpYw,,0,,08-07-2025 23:45
6pW6d4gumyMFQeKjfaJ7npKMPoUa2CoxMtCg6W9Fub9V,,0,,08-07-2025 23:45
4hcgEeWVKTChe34kppnjQzW5E7XC2jYYWJGrWe361ZRG,,0,,08-07-2025 23:45
2X3VQRQCcxeNiLfZ8oM66LKg9U1oPH7zvMERg3Z4USWv,,60,,08-07-2025 23:45
26pt9UY6NyMcz67HQNPBU2KDgfgJXAQsaPSAJdtZnVrx,,0,,08-07-2025 23:45
pohpgTf8VwvZrRu82EHfcoq13PrEHef7ZRB5oii6M6Y,,0,,08-07-2025 23:45
4UjbZPGhc5kUnnMHdJRTXVaYEvinJPSEh71igXqBE24M,,0,,08-07-2025 23:45
J9jYK49M5MDTkoU3jS6twpLDxEpXNpH1paA4pw25fxem,,0,,08-07-2025 23:45
FeL3cjo2NcowRaxG8tWQaCQbxFKp5etneAXULhVPLc2H,,0,,08-07-2025 23:45
2wYyKivPBdappRh45nztTLW4ejq9fpVGg2HpmPep3w6r,,0,,08-07-2025 23:45
86jr8BRTfn8jdoRWuU4FXC4hE8Kq1DFG71hTM94TGCX8,,0,,08-07-2025 23:45
5yynoTBothkkL8DqC7pDQnYZX6dX5fXbVmJ2QL9o8Gvp,,0,,08-07-2025 23:45
GkaBZA6L2yJZy8yS4dBox68Y6BEUJnnje8qLgPgMS7eJ,,0,,08-07-2025 23:45
Gf9U1r1pQfDxKuJiToFbCpswnRUcdmcACsyWGcaVVntS,,1,,08-07-2025 23:45
Rf86UZWsUbR4LyEw1viZQGiRpSWFRqwUa9qyTtxF7Ri,,0,,08-07-2025 23:45
JDG4P6H2AQoccocgPDsjmmWYqH2uK6C9dQ5ubRirsGUw,,0,,08-07-2025 23:45
AsLRRyV3uj9tePTjpNU1THsvX2jJQL254pLz9ebH1w8u,,0,,08-07-2025 23:45
D9gqFriCrnF4DoCQMiXDMVAdNsifA8zaoVZ3uyMox3ZQ,,0,,08-07-2025 23:45
7zfxQX6n6jRcksLf4nMHVkmNsU8UscbQgweE5EZh9B5s,,0,,08-07-2025 23:45
